perfume_id,fragrance
40,"플로럴향, 달콤한향"
152,파우더느낌의 부드러운향
543,"플로럴향, 달콤한향"
607,"플로럴향, 달콤한향"
618,머스크같은 중후한향
663,"플로럴향, 달콤한향"
671,머스크같은 중후한향
686,"플로럴향, 달콤한향"
707,"플로럴향, 달콤한향"
724,파우더느낌의 부드러운향
774,"플로럴향, 달콤한향"
829,"플로럴향, 달콤한향"
1182,라벤더같은 상쾌한향
1191,"플로럴향, 달콤한향"
1277,머스크같은 중후한향
6,파우더느낌의 부드러운향
29,감귤류의 상큼한 향
33,싱그러운 풀 향
73,머스크같은 중후한향
91,"플로럴향, 달콤한향"
105,라벤더같은 상쾌한향
108,머스크같은 중후한향
134,감귤류의 상큼한 향
147,감귤류의 상큼한 향
162,파우더느낌의 부드러운향
183,"플로럴향, 달콤한향"
203,감귤류의 상큼한 향
211,감귤류의 상큼한 향
241,감귤류의 상큼한 향
272,감귤류의 상큼한 향
297,머스크같은 중후한향
307,감귤류의 상큼한 향
321,라벤더같은 상쾌한향
379,감귤류의 상큼한 향
396,감귤류의 상큼한 향
402,머스크같은 중후한향
407,감귤류의 상큼한 향
419,"플로럴향, 달콤한향"
421,감귤류의 상큼한 향
447,"플로럴향, 달콤한향"
448,라벤더같은 상쾌한향
474,감귤류의 상큼한 향
478,"플로럴향, 달콤한향"
483,라벤더같은 상쾌한향
522,"플로럴향, 달콤한향"
581,싱그러운 풀 향
584,"플로럴향, 달콤한향"
595,"플로럴향, 달콤한향"
597,라벤더같은 상쾌한향
614,싱그러운 풀 향
626,라벤더같은 상쾌한향
630,파우더느낌의 부드러운향
639,싱그러운 풀 향
654,감귤류의 상큼한 향
655,라벤더같은 상쾌한향
672,파우더느낌의 부드러운향
687,"플로럴향, 달콤한향"
695,"플로럴향, 달콤한향"
696,감귤류의 상큼한 향
700,파우더느낌의 부드러운향
754,감귤류의 상큼한 향
767,감귤류의 상큼한 향
776,감귤류의 상큼한 향
779,라벤더같은 상쾌한향
798,"플로럴향, 달콤한향"
800,라벤더같은 상쾌한향
820,라벤더같은 상쾌한향
827,머스크같은 중후한향
844,파우더느낌의 부드러운향
848,"플로럴향, 달콤한향"
859,감귤류의 상큼한 향
867,라벤더같은 상쾌한향
878,파우더느낌의 부드러운향
900,"플로럴향, 달콤한향"
915,감귤류의 상큼한 향
916,감귤류의 상큼한 향
925,라벤더같은 상쾌한향
927,머스크같은 중후한향
937,"플로럴향, 달콤한향"
944,"플로럴향, 달콤한향"
959,머스크같은 중후한향
967,감귤류의 상큼한 향
982,라벤더같은 상쾌한향
989,머스크같은 중후한향
993,감귤류의 상큼한 향
1009,감귤류의 상큼한 향
1010,라벤더같은 상쾌한향
1012,감귤류의 상큼한 향
1019,라벤더같은 상쾌한향
1028,싱그러운 풀 향
1032,감귤류의 상큼한 향
1037,라벤더같은 상쾌한향
1040,라벤더같은 상쾌한향
1056,머스크같은 중후한향
1074,"플로럴향, 달콤한향"
1083,라벤더같은 상쾌한향
1087,"플로럴향, 달콤한향"
1095,감귤류의 상큼한 향
1098,머스크같은 중후한향
1110,감귤류의 상큼한 향
1112,"플로럴향, 달콤한향"
1115,싱그러운 풀 향
1132,머스크같은 중후한향
1145,"플로럴향, 달콤한향"
1151,감귤류의 상큼한 향
1153,라벤더같은 상쾌한향
1160,"플로럴향, 달콤한향"
1183,"플로럴향, 달콤한향"
1186,감귤류의 상큼한 향
1194,머스크같은 중후한향
1201,감귤류의 상큼한 향
1202,파우더느낌의 부드러운향
1215,감귤류의 상큼한 향
1228,파우더느낌의 부드러운향
1234,머스크같은 중후한향
1245,머스크같은 중후한향
1251,감귤류의 상큼한 향
1253,감귤류의 상큼한 향
1264,파우더느낌의 부드러운향
1279,싱그러운 풀 향
1311,라벤더같은 상쾌한향
1314,라벤더같은 상쾌한향
1317,싱그러운 풀 향
1322,"플로럴향, 달콤한향"
1327,머스크같은 중후한향
1335,감귤류의 상큼한 향
1338,머스크같은 중후한향
1346,라벤더같은 상쾌한향
1352,감귤류의 상큼한 향
1353,감귤류의 상큼한 향
1355,싱그러운 풀 향
1358,라벤더같은 상쾌한향
1362,파우더느낌의 부드러운향
1365,"플로럴향, 달콤한향"
1375,감귤류의 상큼한 향
1390,머스크같은 중후한향
1395,머스크같은 중후한향
1398,"플로럴향, 달콤한향"
1401,"플로럴향, 달콤한향"
1404,머스크같은 중후한향
1439,파우더느낌의 부드러운향
1444,"플로럴향, 달콤한향"
1452,감귤류의 상큼한 향
1453,"플로럴향, 달콤한향"
1459,감귤류의 상큼한 향
1464,파우더느낌의 부드러운향
5,감귤류의 상큼한 향
7,머스크같은 중후한향
10,"플로럴향, 달콤한향"
13,머스크같은 중후한향
15,"플로럴향, 달콤한향"
17,"플로럴향, 달콤한향"
24,감귤류의 상큼한 향
47,"플로럴향, 달콤한향"
60,파우더느낌의 부드러운향
85,"플로럴향, 달콤한향"
103,"플로럴향, 달콤한향"
104,감귤류의 상큼한 향
120,"플로럴향, 달콤한향"
124,감귤류의 상큼한 향
142,"플로럴향, 달콤한향"
181,감귤류의 상큼한 향
182,싱그러운 풀 향
223,"플로럴향, 달콤한향"
230,감귤류의 상큼한 향
258,"플로럴향, 달콤한향"
259,감귤류의 상큼한 향
268,"플로럴향, 달콤한향"
274,감귤류의 상큼한 향
276,감귤류의 상큼한 향
293,감귤류의 상큼한 향
294,"플로럴향, 달콤한향"
301,감귤류의 상큼한 향
304,싱그러운 풀 향
317,머스크같은 중후한향
322,감귤류의 상큼한 향
325,싱그러운 풀 향
356,"플로럴향, 달콤한향"
365,감귤류의 상큼한 향
369,"플로럴향, 달콤한향"
386,"플로럴향, 달콤한향"
392,"플로럴향, 달콤한향"
413,"플로럴향, 달콤한향"
426,"플로럴향, 달콤한향"
479,"플로럴향, 달콤한향"
494,감귤류의 상큼한 향
498,"플로럴향, 달콤한향"
506,감귤류의 상큼한 향
524,"플로럴향, 달콤한향"
561,라벤더같은 상쾌한향
572,라벤더같은 상쾌한향
573,라벤더같은 상쾌한향
601,감귤류의 상큼한 향
627,"플로럴향, 달콤한향"
670,감귤류의 상큼한 향
704,감귤류의 상큼한 향
721,감귤류의 상큼한 향
735,라벤더같은 상쾌한향
747,감귤류의 상큼한 향
750,"플로럴향, 달콤한향"
757,감귤류의 상큼한 향
783,감귤류의 상큼한 향
784,감귤류의 상큼한 향
823,"플로럴향, 달콤한향"
831,감귤류의 상큼한 향
839,"플로럴향, 달콤한향"
853,감귤류의 상큼한 향
854,감귤류의 상큼한 향
860,감귤류의 상큼한 향
871,감귤류의 상큼한 향
880,감귤류의 상큼한 향
929,"플로럴향, 달콤한향"
936,"플로럴향, 달콤한향"
943,감귤류의 상큼한 향
945,파우더느낌의 부드러운향
953,"플로럴향, 달콤한향"
954,감귤류의 상큼한 향
1002,"플로럴향, 달콤한향"
1053,감귤류의 상큼한 향
1059,파우더느낌의 부드러운향
1065,감귤류의 상큼한 향
1090,라벤더같은 상쾌한향
1104,감귤류의 상큼한 향
1117,"플로럴향, 달콤한향"
1123,감귤류의 상큼한 향
1127,싱그러운 풀 향
1148,"플로럴향, 달콤한향"
1212,감귤류의 상큼한 향
1224,감귤류의 상큼한 향
1263,"플로럴향, 달콤한향"
1271,"플로럴향, 달콤한향"
1291,감귤류의 상큼한 향
1292,감귤류의 상큼한 향
1297,"플로럴향, 달콤한향"
1336,머스크같은 중후한향
1347,감귤류의 상큼한 향
1370,머스크같은 중후한향
1389,머스크같은 중후한향
1399,머스크같은 중후한향
1468,파우더느낌의 부드러운향
3,"플로럴향, 달콤한향"
42,라벤더같은 상쾌한향
79,머스크같은 중후한향
82,감귤류의 상큼한 향
102,감귤류의 상큼한 향
113,머스크같은 중후한향
199,머스크같은 중후한향
320,머스크같은 중후한향
327,라벤더같은 상쾌한향
459,머스크같은 중후한향
475,"플로럴향, 달콤한향"
485,머스크같은 중후한향
547,감귤류의 상큼한 향
553,머스크같은 중후한향
605,감귤류의 상큼한 향
621,머스크같은 중후한향
631,머스크같은 중후한향
746,머스크같은 중후한향
751,감귤류의 상큼한 향
796,머스크같은 중후한향
801,머스크같은 중후한향
830,싱그러운 풀 향
832,머스크같은 중후한향
847,머스크같은 중후한향
872,머스크같은 중후한향
885,머스크같은 중후한향
912,감귤류의 상큼한 향
917,"플로럴향, 달콤한향"
957,머스크같은 중후한향
964,머스크같은 중후한향
979,머스크같은 중후한향
1000,머스크같은 중후한향
1020,"플로럴향, 달콤한향"
1054,머스크같은 중후한향
1064,감귤류의 상큼한 향
1076,라벤더같은 상쾌한향
1085,머스크같은 중후한향
1093,"플로럴향, 달콤한향"
1129,머스크같은 중후한향
1163,머스크같은 중후한향
1170,머스크같은 중후한향
1209,머스크같은 중후한향
1214,감귤류의 상큼한 향
1221,감귤류의 상큼한 향
1239,머스크같은 중후한향
1240,머스크같은 중후한향
1252,머스크같은 중후한향
1259,"플로럴향, 달콤한향"
1269,머스크같은 중후한향
1270,머스크같은 중후한향
1284,머스크같은 중후한향
1289,머스크같은 중후한향
1299,"플로럴향, 달콤한향"
1332,"플로럴향, 달콤한향"
1354,감귤류의 상큼한 향
1361,감귤류의 상큼한 향
1372,머스크같은 중후한향
1381,머스크같은 중후한향
1388,"플로럴향, 달콤한향"
1408,"플로럴향, 달콤한향"
1435,머스크같은 중후한향
1445,머스크같은 중후한향
1461,머스크같은 중후한향
112,파우더느낌의 부드러운향
286,파우더느낌의 부드러운향
515,머스크같은 중후한향
866,파우더느낌의 부드러운향
1006,파우더느낌의 부드러운향
1048,파우더느낌의 부드러운향
1096,파우더느낌의 부드러운향
1243,머스크같은 중후한향
1261,파우더느낌의 부드러운향
1294,파우더느낌의 부드러운향
1304,파우더느낌의 부드러운향
1320,파우더느낌의 부드러운향
1472,파우더느낌의 부드러운향
114,"플로럴향, 달콤한향"
141,머스크같은 중후한향
179,감귤류의 상큼한 향
214,감귤류의 상큼한 향
238,"플로럴향, 달콤한향"
300,"플로럴향, 달콤한향"
350,머스크같은 중후한향
368,머스크같은 중후한향
452,감귤류의 상큼한 향
591,"플로럴향, 달콤한향"
636,"플로럴향, 달콤한향"
637,라벤더같은 상쾌한향
643,"플로럴향, 달콤한향"
649,머스크같은 중후한향
665,"플로럴향, 달콤한향"
677,감귤류의 상큼한 향
734,"플로럴향, 달콤한향"
752,"플로럴향, 달콤한향"
805,"플로럴향, 달콤한향"
810,"플로럴향, 달콤한향"
856,머스크같은 중후한향
913,"플로럴향, 달콤한향"
928,"플로럴향, 달콤한향"
970,머스크같은 중후한향
978,"플로럴향, 달콤한향"
998,감귤류의 상큼한 향
1015,파우더느낌의 부드러운향
1041,"플로럴향, 달콤한향"
1055,머스크같은 중후한향
1057,"플로럴향, 달콤한향"
1058,감귤류의 상큼한 향
1091,라벤더같은 상쾌한향
1119,파우더느낌의 부드러운향
1157,라벤더같은 상쾌한향
1161,"플로럴향, 달콤한향"
1181,"플로럴향, 달콤한향"
1185,감귤류의 상큼한 향
1208,머스크같은 중후한향
1219,파우더느낌의 부드러운향
1229,머스크같은 중후한향
1235,감귤류의 상큼한 향
1236,감귤류의 상큼한 향
1242,머스크같은 중후한향
1248,라벤더같은 상쾌한향
1249,감귤류의 상큼한 향
1265,감귤류의 상큼한 향
1275,감귤류의 상큼한 향
1301,라벤더같은 상쾌한향
1308,감귤류의 상큼한 향
1309,감귤류의 상큼한 향
1321,감귤류의 상큼한 향
1331,라벤더같은 상쾌한향
1337,머스크같은 중후한향
1340,감귤류의 상큼한 향
1360,머스크같은 중후한향
1384,"플로럴향, 달콤한향"
1385,"플로럴향, 달콤한향"
1400,머스크같은 중후한향
1402,감귤류의 상큼한 향
1416,머스크같은 중후한향
1440,머스크같은 중후한향
1460,감귤류의 상큼한 향
93,"플로럴향, 달콤한향"
123,"플로럴향, 달콤한향"
201,"플로럴향, 달콤한향"
229,"플로럴향, 달콤한향"
242,"플로럴향, 달콤한향"
269,"플로럴향, 달콤한향"
355,"플로럴향, 달콤한향"
449,"플로럴향, 달콤한향"
516,"플로럴향, 달콤한향"
653,"플로럴향, 달콤한향"
664,"플로럴향, 달콤한향"
833,"플로럴향, 달콤한향"
942,"플로럴향, 달콤한향"
977,"플로럴향, 달콤한향"
1016,"플로럴향, 달콤한향"
1051,"플로럴향, 달콤한향"
1088,"플로럴향, 달콤한향"
1342,머스크같은 중후한향
138,감귤류의 상큼한 향
191,"플로럴향, 달콤한향"
373,파우더느낌의 부드러운향
423,라벤더같은 상쾌한향
824,머스크같은 중후한향
49,"플로럴향, 달콤한향"
53,"플로럴향, 달콤한향"
68,감귤류의 상큼한 향
92,감귤류의 상큼한 향
101,감귤류의 상큼한 향
135,"플로럴향, 달콤한향"
185,감귤류의 상큼한 향
213,감귤류의 상큼한 향
216,감귤류의 상큼한 향
217,감귤류의 상큼한 향
239,감귤류의 상큼한 향
247,감귤류의 상큼한 향
248,감귤류의 상큼한 향
254,감귤류의 상큼한 향
260,감귤류의 상큼한 향
270,"플로럴향, 달콤한향"
275,감귤류의 상큼한 향
312,감귤류의 상큼한 향
313,라벤더같은 상쾌한향
316,감귤류의 상큼한 향
336,"플로럴향, 달콤한향"
344,감귤류의 상큼한 향
346,감귤류의 상큼한 향
357,감귤류의 상큼한 향
372,"플로럴향, 달콤한향"
382,감귤류의 상큼한 향
391,감귤류의 상큼한 향
394,"플로럴향, 달콤한향"
397,"플로럴향, 달콤한향"
405,감귤류의 상큼한 향
409,"플로럴향, 달콤한향"
451,"플로럴향, 달콤한향"
455,감귤류의 상큼한 향
472,감귤류의 상큼한 향
480,감귤류의 상큼한 향
495,감귤류의 상큼한 향
504,"플로럴향, 달콤한향"
512,"플로럴향, 달콤한향"
519,감귤류의 상큼한 향
531,감귤류의 상큼한 향
532,감귤류의 상큼한 향
538,"플로럴향, 달콤한향"
569,"플로럴향, 달콤한향"
589,감귤류의 상큼한 향
596,머스크같은 중후한향
615,"플로럴향, 달콤한향"
638,감귤류의 상큼한 향
646,감귤류의 상큼한 향
678,"플로럴향, 달콤한향"
689,감귤류의 상큼한 향
756,머스크같은 중후한향
786,감귤류의 상큼한 향
811,"플로럴향, 달콤한향"
812,"플로럴향, 달콤한향"
840,"플로럴향, 달콤한향"
875,"플로럴향, 달콤한향"
887,감귤류의 상큼한 향
888,"플로럴향, 달콤한향"
911,"플로럴향, 달콤한향"
947,"플로럴향, 달콤한향"
958,"플로럴향, 달콤한향"
983,감귤류의 상큼한 향
1003,감귤류의 상큼한 향
1021,감귤류의 상큼한 향
1061,"플로럴향, 달콤한향"
1069,감귤류의 상큼한 향
1071,감귤류의 상큼한 향
1082,"플로럴향, 달콤한향"
1102,"플로럴향, 달콤한향"
1106,감귤류의 상큼한 향
1188,"플로럴향, 달콤한향"
1203,감귤류의 상큼한 향
1207,"플로럴향, 달콤한향"
1238,머스크같은 중후한향
1285,"플로럴향, 달콤한향"
1307,"플로럴향, 달콤한향"
1325,감귤류의 상큼한 향
1329,"플로럴향, 달콤한향"
1333,감귤류의 상큼한 향
1348,감귤류의 상큼한 향
1421,"플로럴향, 달콤한향"
1423,라벤더같은 상쾌한향
1430,머스크같은 중후한향
1466,"플로럴향, 달콤한향"
31,감귤류의 상큼한 향
34,"플로럴향, 달콤한향"
570,파우더느낌의 부드러운향
988,머스크같은 중후한향
1034,"플로럴향, 달콤한향"
1288,머스크같은 중후한향
424,감귤류의 상큼한 향
834,머스크같은 중후한향
38,감귤류의 상큼한 향
51,머스크같은 중후한향
58,"플로럴향, 달콤한향"
96,"플로럴향, 달콤한향"
128,"플로럴향, 달콤한향"
149,감귤류의 상큼한 향
153,머스크같은 중후한향
178,감귤류의 상큼한 향
194,감귤류의 상큼한 향
277,감귤류의 상큼한 향
302,감귤류의 상큼한 향
324,머스크같은 중후한향
339,감귤류의 상큼한 향
443,감귤류의 상큼한 향
456,머스크같은 중후한향
471,"플로럴향, 달콤한향"
477,"플로럴향, 달콤한향"
497,"플로럴향, 달콤한향"
551,머스크같은 중후한향
622,감귤류의 상큼한 향
758,감귤류의 상큼한 향
782,머스크같은 중후한향
788,머스크같은 중후한향
818,"플로럴향, 달콤한향"
822,감귤류의 상큼한 향
852,"플로럴향, 달콤한향"
891,감귤류의 상큼한 향
909,"플로럴향, 달콤한향"
930,싱그러운 풀 향
934,머스크같은 중후한향
1022,"플로럴향, 달콤한향"
1039,머스크같은 중후한향
1073,"플로럴향, 달콤한향"
1089,머스크같은 중후한향
1176,"플로럴향, 달콤한향"
1190,머스크같은 중후한향
1198,감귤류의 상큼한 향
1205,머스크같은 중후한향
1225,라벤더같은 상쾌한향
1260,"플로럴향, 달콤한향"
1310,감귤류의 상큼한 향
1319,머스크같은 중후한향
1425,"플로럴향, 달콤한향"
1449,라벤더같은 상쾌한향
16,"플로럴향, 달콤한향"
30,"플로럴향, 달콤한향"
64,"플로럴향, 달콤한향"
109,머스크같은 중후한향
209,감귤류의 상큼한 향
236,머스크같은 중후한향
240,머스크같은 중후한향
255,"플로럴향, 달콤한향"
308,감귤류의 상큼한 향
330,"플로럴향, 달콤한향"
360,감귤류의 상큼한 향
361,"플로럴향, 달콤한향"
363,"플로럴향, 달콤한향"
375,머스크같은 중후한향
376,머스크같은 중후한향
399,머스크같은 중후한향
441,"플로럴향, 달콤한향"
444,감귤류의 상큼한 향
458,머스크같은 중후한향
489,머스크같은 중후한향
509,머스크같은 중후한향
537,"플로럴향, 달콤한향"
540,"플로럴향, 달콤한향"
577,머스크같은 중후한향
598,라벤더같은 상쾌한향
600,감귤류의 상큼한 향
606,"플로럴향, 달콤한향"
623,감귤류의 상큼한 향
669,라벤더같은 상쾌한향
675,"플로럴향, 달콤한향"
712,머스크같은 중후한향
744,시원하고 신선한 바다 향
762,머스크같은 중후한향
769,"플로럴향, 달콤한향"
802,감귤류의 상큼한 향
806,감귤류의 상큼한 향
815,"플로럴향, 달콤한향"
879,"플로럴향, 달콤한향"
884,머스크같은 중후한향
886,"플로럴향, 달콤한향"
905,머스크같은 중후한향
910,"플로럴향, 달콤한향"
920,머스크같은 중후한향
935,라벤더같은 상쾌한향
965,머스크같은 중후한향
973,"플로럴향, 달콤한향"
987,라벤더같은 상쾌한향
991,머스크같은 중후한향
994,감귤류의 상큼한 향
996,"플로럴향, 달콤한향"
1005,머스크같은 중후한향
1024,감귤류의 상큼한 향
1025,머스크같은 중후한향
1033,"플로럴향, 달콤한향"
1035,머스크같은 중후한향
1067,"플로럴향, 달콤한향"
1107,"플로럴향, 달콤한향"
1136,"플로럴향, 달콤한향"
1141,"플로럴향, 달콤한향"
1143,머스크같은 중후한향
1159,"플로럴향, 달콤한향"
1162,감귤류의 상큼한 향
1175,라벤더같은 상쾌한향
1179,"플로럴향, 달콤한향"
1180,머스크같은 중후한향
1192,"플로럴향, 달콤한향"
1222,"플로럴향, 달콤한향"
1246,머스크같은 중후한향
1257,감귤류의 상큼한 향
1258,머스크같은 중후한향
1276,감귤류의 상큼한 향
1281,"플로럴향, 달콤한향"
1341,"플로럴향, 달콤한향"
1344,머스크같은 중후한향
1364,머스크같은 중후한향
1369,"플로럴향, 달콤한향"
1379,"플로럴향, 달콤한향"
1380,감귤류의 상큼한 향
1417,감귤류의 상큼한 향
1419,"플로럴향, 달콤한향"
1424,"플로럴향, 달콤한향"
1446,"플로럴향, 달콤한향"
1456,"플로럴향, 달콤한향"
28,머스크같은 중후한향
75,"플로럴향, 달콤한향"
175,감귤류의 상큼한 향
198,머스크같은 중후한향
289,"플로럴향, 달콤한향"
303,"플로럴향, 달콤한향"
722,감귤류의 상큼한 향
843,머스크같은 중후한향
845,"플로럴향, 달콤한향"
960,머스크같은 중후한향
980,"플로럴향, 달콤한향"
1124,"플로럴향, 달콤한향"
1168,감귤류의 상큼한 향
1177,"플로럴향, 달콤한향"
1233,머스크같은 중후한향
1418,머스크같은 중후한향
206,"플로럴향, 달콤한향"
528,파우더느낌의 부드러운향
768,감귤류의 상큼한 향
895,시원하고 신선한 바다 향
956,머스크같은 중후한향
66,감귤류의 상큼한 향
420,"플로럴향, 달콤한향"
661,"플로럴향, 달콤한향"
699,라벤더같은 상쾌한향
714,감귤류의 상큼한 향
799,머스크같은 중후한향
975,"플로럴향, 달콤한향"
1116,라벤더같은 상쾌한향
1146,"플로럴향, 달콤한향"
1220,라벤더같은 상쾌한향
951,머스크같은 중후한향
37,"플로럴향, 달콤한향"
45,감귤류의 상큼한 향
57,"플로럴향, 달콤한향"
84,감귤류의 상큼한 향
88,"플로럴향, 달콤한향"
90,"플로럴향, 달콤한향"
119,"플로럴향, 달콤한향"
125,"플로럴향, 달콤한향"
161,라벤더같은 상쾌한향
228,머스크같은 중후한향
290,"플로럴향, 달콤한향"
323,라벤더같은 상쾌한향
332,머스크같은 중후한향
380,머스크같은 중후한향
429,"플로럴향, 달콤한향"
457,감귤류의 상큼한 향
488,"플로럴향, 달콤한향"
525,"플로럴향, 달콤한향"
582,"플로럴향, 달콤한향"
610,시원하고 신선한 바다 향
640,"플로럴향, 달콤한향"
668,"플로럴향, 달콤한향"
732,감귤류의 상큼한 향
733,"플로럴향, 달콤한향"
846,파우더느낌의 부드러운향
940,라벤더같은 상쾌한향
1094,파우더느낌의 부드러운향
1109,"플로럴향, 달콤한향"
1138,"플로럴향, 달콤한향"
1144,파우더느낌의 부드러운향
1226,파우더느낌의 부드러운향
1286,"플로럴향, 달콤한향"
1316,"플로럴향, 달콤한향"
1357,머스크같은 중후한향
1382,머스크같은 중후한향
143,감귤류의 상큼한 향
244,감귤류의 상큼한 향
359,싱그러운 풀 향
462,"플로럴향, 달콤한향"
809,싱그러운 풀 향
899,감귤류의 상큼한 향
981,머스크같은 중후한향
1451,감귤류의 상큼한 향
26,"플로럴향, 달콤한향"
71,"플로럴향, 달콤한향"
97,"플로럴향, 달콤한향"
131,감귤류의 상큼한 향
184,감귤류의 상큼한 향
227,머스크같은 중후한향
383,감귤류의 상큼한 향
628,머스크같은 중후한향
648,파우더느낌의 부드러운향
730,머스크같은 중후한향
772,"플로럴향, 달콤한향"
777,파우더느낌의 부드러운향
835,감귤류의 상큼한 향
1049,"플로럴향, 달콤한향"
1247,머스크같은 중후한향
1328,"플로럴향, 달콤한향"
1345,감귤류의 상큼한 향
1422,파우더느낌의 부드러운향
1427,"플로럴향, 달콤한향"
1431,감귤류의 상큼한 향
67,라벤더같은 상쾌한향
78,머스크같은 중후한향
100,감귤류의 상큼한 향
117,라벤더같은 상쾌한향
411,감귤류의 상큼한 향
535,"플로럴향, 달콤한향"
656,감귤류의 상큼한 향
711,감귤류의 상큼한 향
876,"플로럴향, 달콤한향"
877,"플로럴향, 달콤한향"
1152,감귤류의 상큼한 향
1387,"플로럴향, 달콤한향"
210,"플로럴향, 달콤한향"
252,라벤더같은 상쾌한향
720,"플로럴향, 달콤한향"
52,"플로럴향, 달콤한향"
63,파우더느낌의 부드러운향
341,파우더느낌의 부드러운향
432,감귤류의 상큼한 향
684,라벤더같은 상쾌한향
705,라벤더같은 상쾌한향
1036,파우더느낌의 부드러운향
1042,감귤류의 상큼한 향
1315,머스크같은 중후한향
1326,"플로럴향, 달콤한향"
1359,파우더느낌의 부드러운향
1383,"플로럴향, 달콤한향"
1403,머스크같은 중후한향
1410,파우더느낌의 부드러운향
1441,"플로럴향, 달콤한향"
1447,파우더느낌의 부드러운향
1060,"플로럴향, 달콤한향"
1139,"플로럴향, 달콤한향"
1142,"플로럴향, 달콤한향"
1166,"플로럴향, 달콤한향"
305,머스크같은 중후한향
0,감귤류의 상큼한 향
14,라벤더같은 상쾌한향
19,감귤류의 상큼한 향
22,감귤류의 상큼한 향
44,"플로럴향, 달콤한향"
99,감귤류의 상큼한 향
133,"플로럴향, 달콤한향"
140,"플로럴향, 달콤한향"
170,감귤류의 상큼한 향
205,"플로럴향, 달콤한향"
215,"플로럴향, 달콤한향"
246,라벤더같은 상쾌한향
281,"플로럴향, 달콤한향"
309,감귤류의 상큼한 향
326,"플로럴향, 달콤한향"
335,감귤류의 상큼한 향
345,감귤류의 상큼한 향
347,감귤류의 상큼한 향
348,머스크같은 중후한향
366,"플로럴향, 달콤한향"
374,감귤류의 상큼한 향
400,"플로럴향, 달콤한향"
412,감귤류의 상큼한 향
467,감귤류의 상큼한 향
493,감귤류의 상큼한 향
521,감귤류의 상큼한 향
568,감귤류의 상큼한 향
603,"플로럴향, 달콤한향"
629,라벤더같은 상쾌한향
688,머스크같은 중후한향
709,감귤류의 상큼한 향
761,시원하고 신선한 바다 향
850,"플로럴향, 달콤한향"
865,감귤류의 상큼한 향
892,"플로럴향, 달콤한향"
918,"플로럴향, 달콤한향"
919,"플로럴향, 달콤한향"
932,감귤류의 상큼한 향
966,감귤류의 상큼한 향
976,"플로럴향, 달콤한향"
986,"플로럴향, 달콤한향"
1007,"플로럴향, 달콤한향"
1014,"플로럴향, 달콤한향"
1026,"플로럴향, 달콤한향"
1063,라벤더같은 상쾌한향
1075,감귤류의 상큼한 향
1111,라벤더같은 상쾌한향
1114,"플로럴향, 달콤한향"
1131,감귤류의 상큼한 향
1167,"플로럴향, 달콤한향"
1187,머스크같은 중후한향
1189,감귤류의 상큼한 향
1223,머스크같은 중후한향
1250,"플로럴향, 달콤한향"
1256,감귤류의 상큼한 향
1282,감귤류의 상큼한 향
1351,"플로럴향, 달콤한향"
1356,"플로럴향, 달콤한향"
1373,"플로럴향, 달콤한향"
1414,감귤류의 상큼한 향
1428,감귤류의 상큼한 향
1436,"플로럴향, 달콤한향"
1462,감귤류의 상큼한 향
1467,머스크같은 중후한향
1473,"플로럴향, 달콤한향"
23,감귤류의 상큼한 향
39,"플로럴향, 달콤한향"
48,"플로럴향, 달콤한향"
54,"플로럴향, 달콤한향"
62,"플로럴향, 달콤한향"
69,"플로럴향, 달콤한향"
74,"플로럴향, 달콤한향"
76,"플로럴향, 달콤한향"
87,머스크같은 중후한향
89,"플로럴향, 달콤한향"
111,"플로럴향, 달콤한향"
116,머스크같은 중후한향
148,라벤더같은 상쾌한향
180,"플로럴향, 달콤한향"
207,"플로럴향, 달콤한향"
218,감귤류의 상큼한 향
224,"플로럴향, 달콤한향"
266,감귤류의 상큼한 향
267,"플로럴향, 달콤한향"
271,"플로럴향, 달콤한향"
306,"플로럴향, 달콤한향"
311,"플로럴향, 달콤한향"
329,"플로럴향, 달콤한향"
343,"플로럴향, 달콤한향"
351,머스크같은 중후한향
353,"플로럴향, 달콤한향"
377,"플로럴향, 달콤한향"
406,"플로럴향, 달콤한향"
416,"플로럴향, 달콤한향"
435,"플로럴향, 달콤한향"
438,"플로럴향, 달콤한향"
461,머스크같은 중후한향
470,"플로럴향, 달콤한향"
496,"플로럴향, 달콤한향"
505,감귤류의 상큼한 향
517,머스크같은 중후한향
530,"플로럴향, 달콤한향"
541,"플로럴향, 달콤한향"
542,"플로럴향, 달콤한향"
544,"플로럴향, 달콤한향"
562,"플로럴향, 달콤한향"
565,머스크같은 중후한향
571,"플로럴향, 달콤한향"
576,머스크같은 중후한향
579,"플로럴향, 달콤한향"
587,감귤류의 상큼한 향
612,"플로럴향, 달콤한향"
613,"플로럴향, 달콤한향"
632,"플로럴향, 달콤한향"
635,"플로럴향, 달콤한향"
680,"플로럴향, 달콤한향"
681,파우더느낌의 부드러운향
691,머스크같은 중후한향
715,"플로럴향, 달콤한향"
718,"플로럴향, 달콤한향"
723,감귤류의 상큼한 향
727,"플로럴향, 달콤한향"
736,"플로럴향, 달콤한향"
739,"플로럴향, 달콤한향"
742,"플로럴향, 달콤한향"
755,"플로럴향, 달콤한향"
759,"플로럴향, 달콤한향"
766,머스크같은 중후한향
773,"플로럴향, 달콤한향"
778,머스크같은 중후한향
787,"플로럴향, 달콤한향"
791,"플로럴향, 달콤한향"
808,파우더느낌의 부드러운향
819,"플로럴향, 달콤한향"
825,"플로럴향, 달콤한향"
851,"플로럴향, 달콤한향"
861,"플로럴향, 달콤한향"
862,감귤류의 상큼한 향
907,머스크같은 중후한향
908,머스크같은 중후한향
941,"플로럴향, 달콤한향"
963,"플로럴향, 달콤한향"
972,"플로럴향, 달콤한향"
1008,"플로럴향, 달콤한향"
1029,감귤류의 상큼한 향
1030,"플로럴향, 달콤한향"
1044,"플로럴향, 달콤한향"
1052,"플로럴향, 달콤한향"
1077,"플로럴향, 달콤한향"
1101,"플로럴향, 달콤한향"
1103,감귤류의 상큼한 향
1108,"플로럴향, 달콤한향"
1120,"플로럴향, 달콤한향"
1150,감귤류의 상큼한 향
1154,"플로럴향, 달콤한향"
1155,"플로럴향, 달콤한향"
1158,파우더느낌의 부드러운향
1169,머스크같은 중후한향
1196,"플로럴향, 달콤한향"
1200,싱그러운 풀 향
1293,파우더느낌의 부드러운향
1296,"플로럴향, 달콤한향"
1366,감귤류의 상큼한 향
35,라벤더같은 상쾌한향
95,"플로럴향, 달콤한향"
165,감귤류의 상큼한 향
197,감귤류의 상큼한 향
261,라벤더같은 상쾌한향
278,"플로럴향, 달콤한향"
299,"플로럴향, 달콤한향"
358,감귤류의 상큼한 향
378,"플로럴향, 달콤한향"
401,라벤더같은 상쾌한향
408,라벤더같은 상쾌한향
476,"플로럴향, 달콤한향"
510,라벤더같은 상쾌한향
536,시원하고 신선한 바다 향
647,라벤더같은 상쾌한향
662,"플로럴향, 달콤한향"
674,라벤더같은 상쾌한향
792,머스크같은 중후한향
807,감귤류의 상큼한 향
821,감귤류의 상큼한 향
902,감귤류의 상큼한 향
926,머스크같은 중후한향
971,라벤더같은 상쾌한향
992,감귤류의 상큼한 향
999,감귤류의 상큼한 향
1013,감귤류의 상큼한 향
1018,감귤류의 상큼한 향
1038,라벤더같은 상쾌한향
1080,라벤더같은 상쾌한향
1097,라벤더같은 상쾌한향
1121,감귤류의 상큼한 향
1137,머스크같은 중후한향
1178,머스크같은 중후한향
1272,라벤더같은 상쾌한향
1323,"플로럴향, 달콤한향"
1334,머스크같은 중후한향
1386,"플로럴향, 달콤한향"
1391,라벤더같은 상쾌한향
106,감귤류의 상큼한 향
121,싱그러운 풀 향
129,"플로럴향, 달콤한향"
137,감귤류의 상큼한 향
146,"플로럴향, 달콤한향"
160,감귤류의 상큼한 향
177,"플로럴향, 달콤한향"
189,감귤류의 상큼한 향
195,"플로럴향, 달콤한향"
202,감귤류의 상큼한 향
251,"플로럴향, 달콤한향"
282,"플로럴향, 달콤한향"
287,"플로럴향, 달콤한향"
334,"플로럴향, 달콤한향"
367,"플로럴향, 달콤한향"
387,"플로럴향, 달콤한향"
395,"플로럴향, 달콤한향"
398,감귤류의 상큼한 향
415,"플로럴향, 달콤한향"
428,"플로럴향, 달콤한향"
442,"플로럴향, 달콤한향"
460,"플로럴향, 달콤한향"
490,"플로럴향, 달콤한향"
501,"플로럴향, 달콤한향"
549,감귤류의 상큼한 향
574,"플로럴향, 달콤한향"
575,"플로럴향, 달콤한향"
585,감귤류의 상큼한 향
619,"플로럴향, 달콤한향"
650,감귤류의 상큼한 향
651,시원하고 신선한 바다 향
658,"플로럴향, 달콤한향"
693,"플로럴향, 달콤한향"
702,"플로럴향, 달콤한향"
706,"플로럴향, 달콤한향"
738,파우더느낌의 부드러운향
740,"플로럴향, 달콤한향"
745,머스크같은 중후한향
780,감귤류의 상큼한 향
869,"플로럴향, 달콤한향"
873,"플로럴향, 달콤한향"
874,"플로럴향, 달콤한향"
904,감귤류의 상큼한 향
1184,"플로럴향, 달콤한향"
1199,"플로럴향, 달콤한향"
1211,"플로럴향, 달콤한향"
1255,"플로럴향, 달콤한향"
1306,라벤더같은 상쾌한향
1339,라벤더같은 상쾌한향
1363,"플로럴향, 달콤한향"
1393,"플로럴향, 달콤한향"
1432,"플로럴향, 달콤한향"
1,"플로럴향, 달콤한향"
2,감귤류의 상큼한 향
4,머스크같은 중후한향
12,"플로럴향, 달콤한향"
18,시원하고 신선한 바다 향
46,감귤류의 상큼한 향
50,"플로럴향, 달콤한향"
59,머스크같은 중후한향
70,"플로럴향, 달콤한향"
80,감귤류의 상큼한 향
86,"플로럴향, 달콤한향"
126,감귤류의 상큼한 향
139,"플로럴향, 달콤한향"
144,감귤류의 상큼한 향
154,"플로럴향, 달콤한향"
164,싱그러운 풀 향
166,머스크같은 중후한향
188,감귤류의 상큼한 향
204,"플로럴향, 달콤한향"
212,"플로럴향, 달콤한향"
231,감귤류의 상큼한 향
232,"플로럴향, 달콤한향"
253,"플로럴향, 달콤한향"
256,감귤류의 상큼한 향
257,감귤류의 상큼한 향
262,감귤류의 상큼한 향
279,"플로럴향, 달콤한향"
283,감귤류의 상큼한 향
285,감귤류의 상큼한 향
288,"플로럴향, 달콤한향"
315,감귤류의 상큼한 향
318,감귤류의 상큼한 향
331,감귤류의 상큼한 향
333,감귤류의 상큼한 향
342,감귤류의 상큼한 향
349,감귤류의 상큼한 향
354,"플로럴향, 달콤한향"
362,머스크같은 중후한향
370,감귤류의 상큼한 향
371,감귤류의 상큼한 향
404,"플로럴향, 달콤한향"
434,"플로럴향, 달콤한향"
436,파우더느낌의 부드러운향
454,"플로럴향, 달콤한향"
473,"플로럴향, 달콤한향"
481,"플로럴향, 달콤한향"
499,"플로럴향, 달콤한향"
500,감귤류의 상큼한 향
503,파우더느낌의 부드러운향
508,감귤류의 상큼한 향
514,"플로럴향, 달콤한향"
520,"플로럴향, 달콤한향"
526,감귤류의 상큼한 향
534,감귤류의 상큼한 향
539,머스크같은 중후한향
554,머스크같은 중후한향
555,"플로럴향, 달콤한향"
556,파우더느낌의 부드러운향
558,"플로럴향, 달콤한향"
560,파우더느낌의 부드러운향
564,감귤류의 상큼한 향
566,감귤류의 상큼한 향
567,"플로럴향, 달콤한향"
594,감귤류의 상큼한 향
633,감귤류의 상큼한 향
641,"플로럴향, 달콤한향"
642,감귤류의 상큼한 향
652,"플로럴향, 달콤한향"
673,감귤류의 상큼한 향
676,"플로럴향, 달콤한향"
682,감귤류의 상큼한 향
685,감귤류의 상큼한 향
697,"플로럴향, 달콤한향"
698,감귤류의 상큼한 향
701,감귤류의 상큼한 향
713,"플로럴향, 달콤한향"
719,라벤더같은 상쾌한향
725,감귤류의 상큼한 향
726,"플로럴향, 달콤한향"
748,감귤류의 상큼한 향
760,"플로럴향, 달콤한향"
763,"플로럴향, 달콤한향"
814,"플로럴향, 달콤한향"
837,감귤류의 상큼한 향
838,라벤더같은 상쾌한향
841,감귤류의 상큼한 향
842,감귤류의 상큼한 향
849,감귤류의 상큼한 향
858,"플로럴향, 달콤한향"
881,감귤류의 상큼한 향
883,감귤류의 상큼한 향
889,머스크같은 중후한향
893,감귤류의 상큼한 향
896,"플로럴향, 달콤한향"
897,감귤류의 상큼한 향
898,감귤류의 상큼한 향
922,머스크같은 중후한향
924,"플로럴향, 달콤한향"
949,"플로럴향, 달콤한향"
955,감귤류의 상큼한 향
962,파우더느낌의 부드러운향
968,"플로럴향, 달콤한향"
1004,"플로럴향, 달콤한향"
1023,"플로럴향, 달콤한향"
1031,감귤류의 상큼한 향
1043,"플로럴향, 달콤한향"
1062,"플로럴향, 달콤한향"
1068,"플로럴향, 달콤한향"
1092,"플로럴향, 달콤한향"
1105,감귤류의 상큼한 향
1147,감귤류의 상큼한 향
1149,감귤류의 상큼한 향
1164,"플로럴향, 달콤한향"
1173,"플로럴향, 달콤한향"
1174,감귤류의 상큼한 향
1193,감귤류의 상큼한 향
1204,파우더느낌의 부드러운향
1241,감귤류의 상큼한 향
1278,"플로럴향, 달콤한향"
1290,"플로럴향, 달콤한향"
1302,감귤류의 상큼한 향
1305,파우더느낌의 부드러운향
1330,파우더느낌의 부드러운향
1343,"플로럴향, 달콤한향"
1367,머스크같은 중후한향
1371,감귤류의 상큼한 향
1429,머스크같은 중후한향
1450,파우더느낌의 부드러운향
1474,"플로럴향, 달콤한향"
1475,파우더느낌의 부드러운향
468,머스크같은 중후한향
961,싱그러운 풀 향
985,감귤류의 상큼한 향
997,싱그러운 풀 향
1113,싱그러운 풀 향
1287,머스크같은 중후한향
1298,"플로럴향, 달콤한향"
1376,싱그러운 풀 향
1457,싱그러운 풀 향
422,감귤류의 상큼한 향
592,"플로럴향, 달콤한향"
620,"플로럴향, 달콤한향"
795,라벤더같은 상쾌한향
857,"플로럴향, 달콤한향"
1086,머스크같은 중후한향
127,"플로럴향, 달콤한향"
151,감귤류의 상큼한 향
580,라벤더같은 상쾌한향
8,라벤더같은 상쾌한향
9,머스크같은 중후한향
20,감귤류의 상큼한 향
21,"플로럴향, 달콤한향"
25,"플로럴향, 달콤한향"
32,"플로럴향, 달콤한향"
43,시원하고 신선한 바다 향
55,"플로럴향, 달콤한향"
65,감귤류의 상큼한 향
72,"플로럴향, 달콤한향"
77,감귤류의 상큼한 향
98,감귤류의 상큼한 향
107,감귤류의 상큼한 향
132,"플로럴향, 달콤한향"
136,"플로럴향, 달콤한향"
145,라벤더같은 상쾌한향
150,"플로럴향, 달콤한향"
155,"플로럴향, 달콤한향"
159,시원하고 신선한 바다 향
163,"플로럴향, 달콤한향"
168,"플로럴향, 달콤한향"
171,"플로럴향, 달콤한향"
172,라벤더같은 상쾌한향
173,머스크같은 중후한향
174,"플로럴향, 달콤한향"
176,"플로럴향, 달콤한향"
186,머스크같은 중후한향
192,"플로럴향, 달콤한향"
200,"플로럴향, 달콤한향"
208,"플로럴향, 달콤한향"
221,"플로럴향, 달콤한향"
222,"플로럴향, 달콤한향"
226,"플로럴향, 달콤한향"
233,"플로럴향, 달콤한향"
245,"플로럴향, 달콤한향"
249,라벤더같은 상쾌한향
250,시원하고 신선한 바다 향
284,"플로럴향, 달콤한향"
291,"플로럴향, 달콤한향"
292,감귤류의 상큼한 향
298,"플로럴향, 달콤한향"
340,"플로럴향, 달콤한향"
364,라벤더같은 상쾌한향
385,라벤더같은 상쾌한향
410,감귤류의 상큼한 향
414,감귤류의 상큼한 향
417,"플로럴향, 달콤한향"
425,시원하고 신선한 바다 향
427,싱그러운 풀 향
431,"플로럴향, 달콤한향"
433,"플로럴향, 달콤한향"
437,싱그러운 풀 향
440,감귤류의 상큼한 향
453,"플로럴향, 달콤한향"
464,싱그러운 풀 향
465,"플로럴향, 달콤한향"
469,"플로럴향, 달콤한향"
486,감귤류의 상큼한 향
492,머스크같은 중후한향
502,라벤더같은 상쾌한향
513,라벤더같은 상쾌한향
518,라벤더같은 상쾌한향
523,"플로럴향, 달콤한향"
546,싱그러운 풀 향
548,파우더느낌의 부드러운향
550,"플로럴향, 달콤한향"
557,"플로럴향, 달콤한향"
593,"플로럴향, 달콤한향"
599,라벤더같은 상쾌한향
602,"플로럴향, 달콤한향"
604,감귤류의 상큼한 향
608,"플로럴향, 달콤한향"
609,라벤더같은 상쾌한향
616,"플로럴향, 달콤한향"
617,"플로럴향, 달콤한향"
624,"플로럴향, 달콤한향"
634,"플로럴향, 달콤한향"
659,"플로럴향, 달콤한향"
660,"플로럴향, 달콤한향"
708,머스크같은 중후한향
716,"플로럴향, 달콤한향"
741,"플로럴향, 달콤한향"
749,"플로럴향, 달콤한향"
764,싱그러운 풀 향
770,라벤더같은 상쾌한향
771,라벤더같은 상쾌한향
775,"플로럴향, 달콤한향"
781,"플로럴향, 달콤한향"
785,라벤더같은 상쾌한향
789,"플로럴향, 달콤한향"
790,"플로럴향, 달콤한향"
794,라벤더같은 상쾌한향
797,"플로럴향, 달콤한향"
803,"플로럴향, 달콤한향"
817,머스크같은 중후한향
826,"플로럴향, 달콤한향"
855,"플로럴향, 달콤한향"
870,"플로럴향, 달콤한향"
921,감귤류의 상큼한 향
923,머스크같은 중후한향
931,"플로럴향, 달콤한향"
974,"플로럴향, 달콤한향"
1045,라벤더같은 상쾌한향
1046,머스크같은 중후한향
1047,"플로럴향, 달콤한향"
1081,파우더느낌의 부드러운향
1125,싱그러운 풀 향
1126,"플로럴향, 달콤한향"
1130,"플로럴향, 달콤한향"
1135,머스크같은 중후한향
1140,"플로럴향, 달콤한향"
1156,머스크같은 중후한향
1195,머스크같은 중후한향
1213,"플로럴향, 달콤한향"
1217,"플로럴향, 달콤한향"
1227,시원하고 신선한 바다 향
1244,감귤류의 상큼한 향
1254,라벤더같은 상쾌한향
1280,"플로럴향, 달콤한향"
1312,"플로럴향, 달콤한향"
1349,머스크같은 중후한향
1377,라벤더같은 상쾌한향
1392,머스크같은 중후한향
1405,싱그러운 풀 향
1406,"플로럴향, 달콤한향"
1407,"플로럴향, 달콤한향"
1420,머스크같은 중후한향
1454,라벤더같은 상쾌한향
1469,"플로럴향, 달콤한향"
94,라벤더같은 상쾌한향
390,라벤더같은 상쾌한향
466,라벤더같은 상쾌한향
122,"플로럴향, 달콤한향"
667,"플로럴향, 달콤한향"
710,"플로럴향, 달콤한향"
729,"플로럴향, 달콤한향"
836,"플로럴향, 달콤한향"
1262,"플로럴향, 달콤한향"
1100,라벤더같은 상쾌한향
743,감귤류의 상큼한 향
533,머스크같은 중후한향
1232,머스크같은 중후한향
1413,머스크같은 중후한향
11,머스크같은 중후한향
27,감귤류의 상큼한 향
36,라벤더같은 상쾌한향
41,감귤류의 상큼한 향
56,라벤더같은 상쾌한향
61,머스크같은 중후한향
81,라벤더같은 상쾌한향
130,감귤류의 상큼한 향
156,감귤류의 상큼한 향
157,감귤류의 상큼한 향
158,"플로럴향, 달콤한향"
169,싱그러운 풀 향
193,머스크같은 중후한향
220,감귤류의 상큼한 향
234,머스크같은 중후한향
235,머스크같은 중후한향
243,"플로럴향, 달콤한향"
263,"플로럴향, 달콤한향"
264,감귤류의 상큼한 향
265,라벤더같은 상쾌한향
273,라벤더같은 상쾌한향
296,감귤류의 상큼한 향
310,감귤류의 상큼한 향
319,라벤더같은 상쾌한향
328,라벤더같은 상쾌한향
337,라벤더같은 상쾌한향
338,감귤류의 상큼한 향
352,감귤류의 상큼한 향
381,감귤류의 상큼한 향
403,감귤류의 상큼한 향
430,싱그러운 풀 향
445,싱그러운 풀 향
463,감귤류의 상큼한 향
484,감귤류의 상큼한 향
487,감귤류의 상큼한 향
527,라벤더같은 상쾌한향
529,"플로럴향, 달콤한향"
545,시원하고 신선한 바다 향
552,감귤류의 상큼한 향
559,감귤류의 상큼한 향
563,싱그러운 풀 향
578,감귤류의 상큼한 향
586,머스크같은 중후한향
588,라벤더같은 상쾌한향
590,머스크같은 중후한향
611,감귤류의 상큼한 향
625,"플로럴향, 달콤한향"
644,라벤더같은 상쾌한향
657,감귤류의 상큼한 향
679,싱그러운 풀 향
690,머스크같은 중후한향
692,감귤류의 상큼한 향
765,머스크같은 중후한향
828,머스크같은 중후한향
863,감귤류의 상큼한 향
864,감귤류의 상큼한 향
868,머스크같은 중후한향
890,감귤류의 상큼한 향
894,머스크같은 중후한향
903,머스크같은 중후한향
946,싱그러운 풀 향
950,싱그러운 풀 향
990,머스크같은 중후한향
1001,싱그러운 풀 향
1070,감귤류의 상큼한 향
1072,감귤류의 상큼한 향
1079,감귤류의 상큼한 향
1084,감귤류의 상큼한 향
1165,라벤더같은 상쾌한향
1172,라벤더같은 상쾌한향
1218,감귤류의 상큼한 향
1230,감귤류의 상큼한 향
1237,감귤류의 상큼한 향
1266,"플로럴향, 달콤한향"
1283,감귤류의 상큼한 향
1295,싱그러운 풀 향
1300,머스크같은 중후한향
1313,감귤류의 상큼한 향
1318,싱그러운 풀 향
1324,감귤류의 상큼한 향
1350,감귤류의 상큼한 향
1368,머스크같은 중후한향
1411,라벤더같은 상쾌한향
1455,머스크같은 중후한향
1471,라벤더같은 상쾌한향
83,"플로럴향, 달콤한향"
110,시원하고 신선한 바다 향
115,감귤류의 상큼한 향
167,"플로럴향, 달콤한향"
187,"플로럴향, 달콤한향"
190,감귤류의 상큼한 향
280,감귤류의 상큼한 향
295,감귤류의 상큼한 향
388,감귤류의 상큼한 향
393,시원하고 신선한 바다 향
418,감귤류의 상큼한 향
446,"플로럴향, 달콤한향"
694,"플로럴향, 달콤한향"
703,감귤류의 상큼한 향
731,머스크같은 중후한향
793,"플로럴향, 달콤한향"
882,파우더느낌의 부드러운향
901,머스크같은 중후한향
225,감귤류의 상큼한 향
237,"플로럴향, 달콤한향"
314,라벤더같은 상쾌한향
384,머스크같은 중후한향
389,"플로럴향, 달콤한향"
439,머스크같은 중후한향
450,"플로럴향, 달콤한향"
482,"플로럴향, 달콤한향"
491,머스크같은 중후한향
507,머스크같은 중후한향
511,"플로럴향, 달콤한향"
583,"플로럴향, 달콤한향"
645,라벤더같은 상쾌한향
666,라벤더같은 상쾌한향
683,"플로럴향, 달콤한향"
717,"플로럴향, 달콤한향"
728,머스크같은 중후한향
737,파우더느낌의 부드러운향
753,감귤류의 상큼한 향
804,"플로럴향, 달콤한향"
813,머스크같은 중후한향
816,감귤류의 상큼한 향
906,"플로럴향, 달콤한향"
933,라벤더같은 상쾌한향
938,"플로럴향, 달콤한향"
939,"플로럴향, 달콤한향"
952,머스크같은 중후한향
969,감귤류의 상큼한 향
1050,감귤류의 상큼한 향
1066,"플로럴향, 달콤한향"
1099,머스크같은 중후한향
1118,라벤더같은 상쾌한향
1128,감귤류의 상큼한 향
1133,라벤더같은 상쾌한향
1134,"플로럴향, 달콤한향"
1171,"플로럴향, 달콤한향"
1206,"플로럴향, 달콤한향"
1210,머스크같은 중후한향
1231,싱그러운 풀 향
1268,라벤더같은 상쾌한향
1303,머스크같은 중후한향
1378,"플로럴향, 달콤한향"
1394,"플로럴향, 달콤한향"
1397,감귤류의 상큼한 향
1412,"플로럴향, 달콤한향"
1415,"플로럴향, 달콤한향"
1426,감귤류의 상큼한 향
1434,싱그러운 풀 향
1437,감귤류의 상큼한 향
1442,"플로럴향, 달콤한향"
1448,감귤류의 상큼한 향
1458,"플로럴향, 달콤한향"
1463,"플로럴향, 달콤한향"
1465,라벤더같은 상쾌한향
1470,머스크같은 중후한향
948,"플로럴향, 달콤한향"
995,"플로럴향, 달콤한향"
1017,"플로럴향, 달콤한향"
1267,머스크같은 중후한향
1396,"플로럴향, 달콤한향"
1409,"플로럴향, 달콤한향"
1433,"플로럴향, 달콤한향"
118,머스크같은 중후한향
196,감귤류의 상큼한 향
219,"플로럴향, 달콤한향"
914,머스크같은 중후한향
984,감귤류의 상큼한 향
1011,"플로럴향, 달콤한향"
1027,감귤류의 상큼한 향
1078,"플로럴향, 달콤한향"
1122,"플로럴향, 달콤한향"
1197,머스크같은 중후한향
1216,"플로럴향, 달콤한향"
1273,머스크같은 중후한향
1274,머스크같은 중후한향
1438,감귤류의 상큼한 향
1443,감귤류의 상큼한 향
